"Дата","Цена","Откр.","Макс.","Мин.","Объём","Изм. %"
"22.02.2024","135,65","135,05","135,84","133,00","5,24M","1,22%"
"21.02.2024","134,02","134,20","136,49","127,10","15,75M","0,03%"
"20.02.2024","133,98","139,79","140,18","132,80","9,04M","-4,15%"
"19.02.2024","139,78","140,12","140,68","139,29","3,03M","-0,24%"
"16.02.2024","140,12","141,15","142,25","140,05","3,18M","-0,73%"
"15.02.2024","141,15","140,52","141,79","139,25","5,56M","0,39%"
"14.02.2024","140,60","141,52","141,89","140,24","3,13M","-0,63%"
"13.02.2024","141,49","140,85","141,70","140,51","3,58M","0,67%"
"12.02.2024","140,55","141,24","141,67","139,70","2,84M","-0,33%"
"09.02.2024","141,01","140,83","142,30","140,20","3,07M","0,13%"
"08.02.2024","140,83","143,10","143,15","140,60","4,97M","-1,45%"
"07.02.2024","142,90","143,50","144,27","142,10","6,59M","-0,06%"
"06.02.2024","142,98","142,19","143,00","141,55","2,43M","0,73%"
"05.02.2024","141,95","142,50","143,25","141,50","5,76M","0,36%"
"02.02.2024","141,44","141,12","142,20","140,93","3,03M","0,30%"
"01.02.2024","141,02","142,30","143,65","140,56","4,01M","-0,72%"
"31.01.2024","142,04","140,69","142,67","140,27","6,86M","1,31%"
"30.01.2024","140,21","138,96","141,25","138,51","8,50M","0,91%"
"29.01.2024","138,95","139,50","141,77","138,01","3,80M","-0,06%"
"26.01.2024","139,03","139,07","140,25","138,85","2,58M","0,02%"
"25.01.2024","139,00","139,25","140,64","137,44","9,18M","-0,35%"
"24.01.2024","139,49","141,16","141,60","139,00","5,02M","-1,18%"
"23.01.2024","141,16","142,20","142,47","140,10","3,74M","-0,49%"
"22.01.2024","141,86","141,81","142,99","141,12","3,85M","0,11%"
"19.01.2024","141,70","141,23","142,40","139,88","5,21M","0,67%"
"18.01.2024","140,75","143,31","143,31","140,01","3,15M","-1,22%"
"17.01.2024","142,49","139,63","143,40","139,63","5,58M","2,05%"
"16.01.2024","139,63","141,88","142,00","139,00","5,24M","-1,59%"
"15.01.2024","141,88","143,32","144,16","141,18","4,49M","-0,75%"
"12.01.2024","142,95","143,97","144,74","142,76","4,47M","-0,35%"
"11.01.2024","143,45","141,67","144,39","139,77","7,79M","1,52%"
"10.01.2024","141,30","142,80","143,20","141,00","4,30M","-1,04%"
"09.01.2024","142,79","143,85","143,97","142,08","5,33M","-0,74%"
"08.01.2024","143,85","142,50","144,84","142,48","5,54M","0,95%"
"05.01.2024","142,50","143,80","145,93","142,46","17,14M","-3,98%"
"04.01.2024","148,41","149,39","150,28","147,39","11,99M","-0,60%"
"03.01.2024","149,30","147,12","149,49","145,86","8,25M","2,36%"
"29.12.2023","145,86","145,90","146,19","144,00","4,61M","0,33%"
"28.12.2023","145,38","147,06","149,80","142,18","16,71M","-0,76%"
"27.12.2023","146,50","139,30","149,46","139,20","33,35M","5,40%"
"26.12.2023","139,00","137,50","142,40","136,17","5,73M","1,57%"
"25.12.2023","136,85","136,06","137,78","134,56","7,13M","0,63%"
"22.12.2023","136,00","135,60","137,68","135,02","12,81M","0,53%"
"21.12.2023","135,28","130,80","135,40","129,22","14,33M","3,44%"
"20.12.2023","130,78","130,90","132,93","130,15","8,00M","-0,01%"
"19.12.2023","130,79","130,50","132,00","127,23","8,88M","0,32%"
"18.12.2023","130,37","125,67","130,45","125,66","12,58M","4,35%"
"15.12.2023","124,93","118,11","124,97","118,10","8,94M","5,20%"
"14.12.2023","118,76","120,89","122,27","118,30","5,11M","-1,55%"
"13.12.2023","120,63","117,80","120,85","117,53","3,69M","1,78%"
"12.12.2023","118,52","118,80","119,89","116,17","8,74M","-0,29%"
"11.12.2023","118,86","122,02","122,41","118,28","5,17M","-2,59%"
"08.12.2023","122,02","122,24","123,30","120,52","4,68M","0,11%"
"07.12.2023","121,88","121,79","124,00","119,02","6,52M","0,64%"
"06.12.2023","121,10","123,98","124,50","119,50","7,82M","-2,24%"
"05.12.2023","123,88","120,00","124,32","118,20","11,16M","3,32%"
"04.12.2023","119,90","124,89","124,90","117,25","13,90M","-4,06%"
"01.12.2023","124,98","128,00","128,28","123,00","8,39M","-2,21%"
"30.11.2023","127,80","128,50","128,67","126,40","3,67M","-0,07%"
"29.11.2023","127,89","128,95","129,12","127,42","2,93M","-0,88%"
"28.11.2023","129,03","130,40","130,75","127,35","5,41M","-1,01%"
"27.11.2023","130,34","129,65","132,13","128,06","12,52M","0,95%"
"24.11.2023","129,11","128,43","129,50","128,00","5,81M","0,58%"
"23.11.2023","128,36","127,02","128,95","127,02","4,85M","0,86%"
"22.11.2023","127,27","127,00","127,80","126,54","4,13M","0,17%"
"21.11.2023","127,05","127,14","127,78","125,15","6,93M","-0,07%"
"20.11.2023","127,14","128,25","128,90","126,20","10,64M","-0,11%"
"17.11.2023","127,28","126,00","128,50","125,32","15,44M","1,06%"
"16.11.2023","125,95","123,90","131,00","121,38","61,21M","1,66%"
"15.11.2023","123,89","122,80","124,43","122,23","3,29M","0,81%"
"14.11.2023","122,90","124,47","124,50","120,94","7,48M","-1,23%"
"13.11.2023","124,43","123,15","126,20","123,00","10,79M","1,16%"
"10.11.2023","123,00","124,85","124,85","122,53","3,33M","-0,84%"
"09.11.2023","124,04","124,72","125,90","123,50","9,60M","-0,14%"
"08.11.2023","124,22","121,21","124,66","121,01","9,37M","2,48%"
"07.11.2023","121,21","120,30","121,44","120,24","3,03M","0,76%"
"06.11.2023","120,30","120,14","121,18","119,42","2,74M","0,11%"
"03.11.2023","120,17","121,68","121,73","119,91","2,82M","-1,23%"
"02.11.2023","121,67","121,52","122,14","119,90","3,15M","0,13%"
"01.11.2023","121,51","120,60","121,75","120,18","2,82M","0,75%"
"31.10.2023","120,60","123,23","123,75","119,05","8,54M","-1,71%"
"30.10.2023","122,70","121,41","123,83","120,10","6,69M","1,62%"
"27.10.2023","120,74","121,75","122,66","118,56","7,08M","-0,83%"
"26.10.2023","121,75","123,70","124,73","120,12","7,62M","-1,93%"
"25.10.2023","124,15","123,58","125,47","122,82","9,35M","0,68%"
"24.10.2023","123,31","123,03","124,06","122,50","4,38M","0,12%"
"23.10.2023","123,16","123,00","124,39","121,71","6,40M","0,64%"
"20.10.2023","122,38","123,45","123,60","121,76","3,50M","-0,50%"
"19.10.2023","123,00","123,62","123,62","121,96","4,77M","-0,50%"
"18.10.2023","123,62","125,21","125,80","121,67","12,23M","-1,14%"
"17.10.2023","125,05","121,20","125,20","121,07","23,33M","3,35%"
"16.10.2023","121,00","120,26","121,40","120,26","4,09M","0,71%"
"13.10.2023","120,15","119,40","121,80","118,99","6,93M","0,98%"
"12.10.2023","118,98","117,78","120,00","117,23","4,48M","0,84%"
"11.10.2023","117,99","119,95","120,90","117,10","7,49M","-1,51%"
"10.10.2023","119,80","120,50","120,70","119,43","3,41M","-0,34%"
"09.10.2023","120,21","120,88","121,85","119,88","9,00M","-0,22%"
"06.10.2023","120,48","119,61","121,65","119,06","10,56M","0,75%"
"05.10.2023","119,58","118,61","119,68","118,00","5,54M","1,00%"
"04.10.2023","118,40","119,50","120,00","118,03","6,21M","-0,53%"
"03.10.2023","119,03","117,80","120,36","115,90","13,38M","0,95%"
"02.10.2023","117,91","121,70","121,86","116,81","12,21M","-2,49%"
"29.09.2023","120,92","122,00","123,00","118,50","21,41M","-0,64%"
"28.09.2023","121,70","117,46","122,87","116,70","46,93M","4,17%"
"27.09.2023","116,83","113,70","117,80","113,52","26,70M","3,11%"
"26.09.2023","113,31","114,71","115,20","111,37","20,33M","-0,74%"
"25.09.2023","114,15","107,83","114,90","106,20","38,33M","6,85%"
"22.09.2023","106,83","104,51","107,78","103,10","7,99M","2,01%"
"21.09.2023","104,73","105,80","107,30","104,00","8,83M","-1,03%"
"20.09.2023","105,82","105,32","109,20","100,36","22,04M","0,40%"
"19.09.2023","105,40","109,20","109,46","104,80","14,01M","-3,74%"
"18.09.2023","109,50","111,51","111,88","108,75","7,20M","-1,29%"
"15.09.2023","110,93","107,33","111,89","105,24","11,98M","2,45%"
"14.09.2023","108,28","112,25","112,70","97,64","32,00M","-3,58%"
"13.09.2023","112,30","114,98","114,99","112,00","7,41M","-1,90%"
"12.09.2023","114,48","111,20","114,74","110,50","9,91M","3,78%"
"11.09.2023","110,31","112,00","113,36","108,60","8,40M","-1,46%"
"08.09.2023","111,94","112,99","113,74","110,30","12,11M","-0,96%"
"07.09.2023","113,02","114,60","115,16","111,40","17,50M","-0,89%"
"06.09.2023","114,04","114,15","115,00","113,30","6,90M","-0,13%"
"05.09.2023","114,19","115,60","115,63","113,40","9,01M","-0,97%"
"04.09.2023","115,31","116,00","116,44","114,50","15,56M","0,08%"
"01.09.2023","115,22","113,17","115,26","112,40","16,27M","2,08%"
"31.08.2023","112,87","113,45","113,47","112,15","6,12M","-0,27%"
"30.08.2023","113,17","113,00","113,54","111,81","9,06M","0,11%"
"29.08.2023","113,05","114,40","114,45","112,20","14,14M","-0,97%"
"28.08.2023","114,16","116,09","119,00","110,08","44,67M","-0,86%"
"25.08.2023","115,15","112,29","115,85","111,22","37,89M","2,67%"
"24.08.2023","112,16","108,99","112,25","108,63","26,48M","3,75%"
"23.08.2023","108,11","111,96","112,41","107,16","21,06M","-3,05%"
"22.08.2023","111,51","113,40","114,30","109,80","30,54M","-1,26%"
"21.08.2023","112,93","106,01","113,50","105,80","50,72M","7,20%"
"18.08.2023","105,35","105,40","105,50","103,32","7,33M","0,64%"
"17.08.2023","104,68","104,08","106,10","102,50","15,40M","1,13%"
"16.08.2023","103,51","102,99","105,20","96,01","20,25M","0,50%"
"15.08.2023","102,99","102,95","106,41","100,32","11,40M","-0,59%"
"14.08.2023","103,60","106,50","108,46","102,50","22,10M","-2,82%"
"11.08.2023","106,61","107,60","107,62","105,73","8,48M","-0,59%"
"10.08.2023","107,24","105,45","107,98","104,00","15,69M","2,08%"
"09.08.2023","105,06","106,20","106,90","103,31","8,83M","-0,98%"
"08.08.2023","106,10","105,39","106,70","100,76","12,93M","0,68%"
"07.08.2023","105,38","108,13","108,90","103,20","22,09M","-0,87%"
"04.08.2023","106,30","109,40","112,00","100,00","35,24M","-2,51%"
"03.08.2023","109,04","108,23","112,74","106,08","45,06M","1,35%"
"02.08.2023","107,59","99,29","110,00","99,29","82,71M","8,36%"
"01.08.2023","99,29","99,00","101,72","97,51","33,77M","0,70%"
"31.07.2023","98,60","97,20","99,42","97,11","16,23M","1,78%"
"28.07.2023","96,88","97,49","97,49","96,62","4,65M","-0,49%"
"27.07.2023","97,36","98,00","98,15","96,81","6,71M","-0,27%"
"26.07.2023","97,62","98,89","99,24","96,35","11,70M","-0,89%"
"25.07.2023","98,50","97,50","99,64","97,21","22,07M","1,34%"
"24.07.2023","97,20","94,75","97,56","93,89","25,51M","3,05%"
"21.07.2023","94,32","92,70","95,20","92,60","6,54M","1,86%"
"20.07.2023","92,60","94,31","94,37","91,55","9,29M","-1,60%"
"19.07.2023","94,11","95,13","95,55","92,65","8,63M","-0,90%"
"18.07.2023","94,96","95,97","96,50","94,02","12,42M","-0,89%"
"17.07.2023","95,81","93,23","95,88","93,23","19,34M","2,80%"
"14.07.2023","93,20","93,17","93,60","92,24","6,59M","0,03%"
"13.07.2023","93,17","94,81","94,81","92,58","11,69M","-1,19%"
"12.07.2023","94,29","93,69","95,47","90,85","36,50M","0,97%"
"11.07.2023","93,38","89,15","93,75","88,55","41,13M","5,05%"
"10.07.2023","88,89","87,98","89,15","87,83","6,02M","1,33%"
"07.07.2023","87,72","88,57","88,57","87,35","3,17M","0,14%"
"06.07.2023","87,60","89,53","89,83","87,11","7,15M","-1,79%"
"05.07.2023","89,20","86,58","89,82","86,58","13,40M","3,06%"
"04.07.2023","86,55","83,87","87,40","83,50","20,15M","-1,65%"
"03.07.2023","88,00","89,77","91,02","87,56","16,34M","-1,84%"
"30.06.2023","89,65","90,60","90,80","89,02","7,81M","-0,79%"
"29.06.2023","90,36","91,49","91,49","90,20","5,64M","-0,73%"
"28.06.2023","91,02","90,09","91,50","89,90","9,21M","1,25%"
"27.06.2023","89,90","90,14","90,35","88,80","6,36M","0,31%"
"26.06.2023","89,62","90,08","90,90","87,52","12,48M","2,03%"
"23.06.2023","87,84","90,80","91,80","86,12","17,78M","-3,10%"
"22.06.2023","90,65","89,89","92,80","89,50","28,96M","1,28%"
"21.06.2023","89,50","87,21","90,24","86,78","16,54M","2,63%"
"20.06.2023","87,21","88,20","88,47","84,14","11,00M","-1,03%"
"19.06.2023","88,12","88,35","89,67","87,63","18,37M","-0,23%"
"16.06.2023","88,32","89,90","89,94","88,01","11,16M","-1,42%"
"15.06.2023","89,59","91,47","91,90","88,75","14,54M","-1,44%"
"14.06.2023","90,90","89,70","90,90","87,80","8,94M","2,05%"
"13.06.2023","89,07","88,15","89,44","87,52","10,77M","2,17%"
"09.06.2023","87,18","87,69","88,15","86,00","8,35M","-0,58%"
"08.06.2023","87,69","90,35","90,50","87,37","16,82M","-3,21%"
"07.06.2023","90,60","92,90","93,61","88,22","18,90M","-1,30%"
"06.06.2023","91,79","88,00","91,96","82,78","42,31M","4,25%"
"05.06.2023","88,05","92,99","97,00","86,50","49,62M","-3,88%"
"02.06.2023","91,60","84,89","97,97","84,50","108,09M","8,92%"
"01.06.2023","84,10","78,02","84,68","78,02","38,17M","7,79%"
"31.05.2023","78,02","78,20","79,30","76,75","12,33M","-0,38%"
"30.05.2023","78,32","74,03","79,98","73,24","48,53M","2,66%"
"29.05.2023","76,29","68,25","76,89","68,03","50,09M","13,19%"
"26.05.2023","67,40","62,89","68,66","62,72","40,51M","7,48%"
"25.05.2023","62,71","63,08","63,11","61,00","4,66M","0,26%"
"24.05.2023","62,55","61,77","63,49","61,51","9,95M","1,53%"
"23.05.2023","61,61","60,35","62,50","59,66","6,23M","2,50%"
"22.05.2023","60,11","60,29","60,35","59,89","1,82M","0,40%"
"19.05.2023","59,87","60,00","60,07","59,04","2,91M","-0,52%"
"18.05.2023","60,18","60,44","60,50","59,75","2,66M","-0,20%"
"17.05.2023","60,30","60,63","60,80","59,65","2,53M","-0,30%"
"16.05.2023","60,48","60,48","60,80","60,01","2,48M","0,17%"
"15.05.2023","60,38","60,30","60,60","59,20","3,74M","1,70%"
"12.05.2023","59,37","59,34","60,18","58,00","5,32M","0,80%"
"11.05.2023","58,90","58,98","60,25","57,32","8,14M","0,53%"
"10.05.2023","58,59","56,44","59,58","55,96","6,37M","4,81%"
"08.05.2023","55,90","56,89","57,47","55,72","1,22M","-1,31%"
"05.05.2023","56,64","56,82","57,98","56,00","2,74M","-0,02%"
"04.05.2023","56,65","55,20","56,96","54,86","3,33M","2,78%"
"03.05.2023","55,12","58,25","58,52","54,80","7,85M","-5,37%"
"02.05.2023","58,25","59,65","60,75","55,82","7,41M","-2,79%"
"28.04.2023","59,92","60,97","60,97","59,64","3,62M","-1,48%"
"27.04.2023","60,82","61,48","61,48","60,07","5,67M","-0,52%"
"26.04.2023","61,14","59,80","62,50","59,41","20,93M","2,74%"
"25.04.2023","59,51","59,30","59,75","59,00","3,36M","0,59%"
"24.04.2023","59,16","58,98","60,30","58,10","4,02M","0,72%"
"21.04.2023","58,74","59,62","59,62","58,60","4,63M","-0,99%"
"20.04.2023","59,33","60,11","60,25","58,50","6,59M","-1,31%"
"19.04.2023","60,12","60,58","60,78","59,35","7,89M","-0,61%"
"18.04.2023","60,49","60,20","60,80","60,05","7,71M","0,12%"
"17.04.2023","60,42","60,30","60,65","60,06","7,42M","0,07%"
"14.04.2023","60,38","60,10","60,98","60,01","5,19M","0,47%"
"13.04.2023","60,10","61,34","61,98","59,33","13,71M","-2,02%"
"12.04.2023","61,34","65,40","67,69","60,06","62,08M","-5,37%"
"11.04.2023","64,82","66,00","66,00","61,80","13,76M","-1,22%"
"10.04.2023","65,62","65,25","66,40","63,72","23,46M","1,89%"
"07.04.2023","64,40","59,40","65,52","59,11","50,60M","8,56%"
"06.04.2023","59,32","59,40","59,67","58,90","2,88M","0,19%"
"05.04.2023","59,21","59,50","59,58","58,76","3,07M","-0,67%"
"04.04.2023","59,61","59,85","59,85","57,64","3,31M","0,03%"
"03.04.2023","59,59","58,26","59,62","58,26","3,82M","2,28%"
"31.03.2023","58,26","59,10","59,10","57,51","2,98M","-1,24%"
"30.03.2023","58,99","59,17","59,18","58,62","1,90M","-0,12%"
"29.03.2023","59,06","59,30","59,30","58,81","1,89M","-0,10%"
"28.03.2023","59,12","59,42","59,75","58,60","3,33M","-0,50%"
"27.03.2023","59,42","59,79","59,87","59,00","5,42M","0,32%"
"24.03.2023","59,23","58,44","60,27","58,20","9,31M","1,39%"
"23.03.2023","58,42","58,67","58,95","57,92","2,60M","-0,41%"
"22.03.2023","58,66","60,00","60,00","55,15","11,50M","-2,28%"
"21.03.2023","60,03","61,22","62,20","59,10","21,16M","-1,46%"
"20.03.2023","60,92","58,27","61,40","57,89","24,88M","5,60%"
"17.03.2023","57,69","57,91","58,61","55,40","10,69M","-0,38%"
"16.03.2023","57,91","59,51","59,63","57,02","9,11M","-2,36%"
"15.03.2023","59,31","59,45","60,15","57,10","11,21M","-0,17%"
"14.03.2023","59,41","60,97","61,00","58,53","13,46M","-2,92%"
"13.03.2023","61,20","58,19","61,80","57,90","19,75M","5,77%"
"10.03.2023","57,86","57,51","58,65","56,90","11,49M","-0,22%"
"09.03.2023","57,99","54,43","58,00","54,17","23,50M","7,33%"
"07.03.2023","54,03","54,16","55,25","51,51","13,00M","1,94%"
"06.03.2023","53,00","49,99","53,58","49,91","15,25M","6,96%"
"03.03.2023","49,55","48,96","50,49","48,51","2,29M","1,56%"
"02.03.2023","48,79","49,43","49,65","47,82","3,41M","-1,33%"
"01.03.2023","49,45","49,33","49,76","48,94","2,62M","0,49%"
"28.02.2023","49,21","48,63","49,62","48,29","3,88M","2,10%"
"27.02.2023","48,20","47,32","48,35","46,81","2,47M","1,54%"
"24.02.2023","47,47","47,37","47,83","46,70","1,09M","0,59%"
"22.02.2023","47,19","46,60","48,08","46,11","4,66M","1,90%"
"21.02.2023","46,31","46,43","47,69","44,80","3,99M","1,05%"
"20.02.2023","45,83","45,16","46,20","44,51","1,53M","1,48%"
"17.02.2023","45,16","45,10","45,76","44,50","1,62M","0,36%"
"16.02.2023","45,00","44,10","46,92","43,72","4,45M","2,95%"
"15.02.2023","43,71","45,89","45,89","43,70","4,25M","-4,96%"
"14.02.2023","45,99","47,05","47,22","45,66","2,95M","-2,23%"
"13.02.2023","47,04","47,15","47,94","46,64","2,11M","0,09%"
"10.02.2023","47,00","48,46","48,46","46,20","2,14M","-0,74%"
"09.02.2023","47,35","47,80","48,00","47,00","2,43M","-0,84%"
"08.02.2023","47,75","48,30","48,75","47,66","4,21M","-1,51%"
"07.02.2023","48,48","48,95","49,77","47,85","5,73M","0,17%"
"06.02.2023","48,40","48,00","49,76","47,81","5,65M","1,15%"
"03.02.2023","47,85","48,80","49,10","46,87","7,62M","-0,79%"
"02.02.2023","48,23","47,27","49,42","47,27","12,26M","1,97%"
"01.02.2023","47,30","46,04","52,47","46,03","41,07M","3,96%"
"31.01.2023","45,50","43,25","47,44","42,97","15,73M","5,59%"
"30.01.2023","43,09","42,85","43,34","42,50","1,06M","1,68%"
"27.01.2023","42,38","42,18","44,17","41,86","2,30M","1,31%"
"26.01.2023","41,83","42,49","42,49","41,80","505,29K","-0,64%"
"25.01.2023","42,10","42,46","42,99","41,84","580,72K","-0,82%"
"24.01.2023","42,45","42,90","43,75","42,12","2,07M","-0,89%"
"23.01.2023","42,83","42,40","43,39","41,61","2,05M","3,18%"
"20.01.2023","41,51","41,46","42,40","40,54","1,15M","1,02%"
"19.01.2023","41,09","42,76","43,50","40,54","2,34M","-3,54%"
"18.01.2023","42,60","42,38","43,55","41,72","3,46M","-0,58%"
"17.01.2023","42,85","41,00","45,44","40,54","16,79M","5,70%"
"16.01.2023","40,54","40,00","40,89","39,76","1,56M","2,12%"
"13.01.2023","39,70","39,51","39,98","39,30","901,44K","0,92%"
"12.01.2023","39,34","39,60","39,75","39,23","600,09K","0,28%"
"11.01.2023","39,23","38,64","39,40","38,44","918,23K","1,55%"
"10.01.2023","38,63","39,08","39,74","37,90","1,09M","-1,15%"
"09.01.2023","39,08","38,30","39,98","38,30","2,01M","1,90%"
"06.01.2023","38,35","38,54","38,54","38,10","182,42K","-0,13%"
"05.01.2023","38,40","38,39","38,63","38,02","294,46K","0,55%"
"04.01.2023","38,19","37,96","38,50","37,20","1,13M","0,61%"
"03.01.2023","37,96","37,60","38,00","37,50","248,27K","0,90%"
"30.12.2022","37,62","37,96","37,96","37,52","308,06K","0,21%"
"29.12.2022","37,54","37,46","37,97","37,00","548,45K","0,16%"
"28.12.2022","37,48","37,90","38,00","37,39","567,08K","-1,06%"
"27.12.2022","37,88","37,86","38,16","37,26","1,17M","0,05%"
"26.12.2022","37,86","37,99","38,10","37,52","833,19K","0,00%"
"23.12.2022","37,86","37,22","38,10","37,22","587,98K","0,64%"
"22.12.2022","37,62","37,90","39,10","37,04","1,26M","0,27%"
"21.12.2022","37,52","37,30","39,18","36,69","1,95M","1,35%"
"20.12.2022","37,02","36,82","37,59","36,08","802,15K","0,90%"
"19.12.2022","36,69","37,85","37,90","36,57","536,56K","-1,90%"
"16.12.2022","37,40","37,20","37,90","34,51","779,41K","0,27%"
"15.12.2022","37,30","37,76","37,76","37,21","402,57K","-1,22%"
"14.12.2022","37,76","38,56","38,68","37,62","382,23K","-2,10%"
"13.12.2022","38,57","38,60","38,87","38,28","239,90K","-0,08%"
"12.12.2022","38,60","39,55","39,55","38,50","218,56K","-0,05%"
"09.12.2022","38,62","39,03","39,07","38,60","281,47K","-1,05%"
"08.12.2022","39,03","39,28","39,49","38,52","591,91K","-0,41%"
"07.12.2022","39,19","39,31","39,90","38,75","734,44K","-0,31%"
"06.12.2022","39,31","38,68","40,00","38,09","1,21M","1,63%"
"05.12.2022","38,68","38,10","38,95","37,92","924,59K","1,26%"
"02.12.2022","38,20","38,89","38,97","38,00","620,01K","-1,72%"
"01.12.2022","38,87","39,00","39,25","38,63","325,29K","-0,15%"
"30.11.2022","38,93","39,58","39,58","38,82","344,10K","-1,09%"
"29.11.2022","39,36","39,39","39,79","39,25","269,36K","-0,05%"
"28.11.2022","39,38","39,68","39,68","39,13","294,05K","-0,83%"
"25.11.2022","39,71","40,34","40,35","39,27","708,92K","-1,56%"
"24.11.2022","40,34","40,43","40,99","40,18","694,35K","0,47%"
"23.11.2022","40,15","40,80","40,80","39,69","641,72K","0,48%"
"22.11.2022","39,96","39,30","40,44","39,16","942,53K","1,81%"
"21.11.2022","39,25","39,71","40,80","38,92","1,33M","-1,01%"
"18.11.2022","39,65","38,81","39,75","38,65","1,20M","2,19%"
"17.11.2022","38,80","38,38","39,50","38,38","1,09M","0,75%"
"16.11.2022","38,51","38,70","38,95","38,28","541,99K","-0,62%"
"15.11.2022","38,75","38,93","39,76","37,73","1,33M","-0,18%"
"14.11.2022","38,82","38,69","39,20","38,25","745,30K","1,33%"
"11.11.2022","38,31","38,20","38,77","37,84","573,79K","0,95%"
"10.11.2022","37,95","38,00","38,30","37,74","458,10K","0,53%"
"09.11.2022","37,75","38,35","38,57","37,75","504,06K","-1,56%"
"08.11.2022","38,35","38,88","38,99","37,65","654,38K","-0,90%"
"07.11.2022","38,70","38,19","39,42","37,84","1,36M","2,84%"
"03.11.2022","37,63","38,10","38,15","37,20","444,36K","-1,39%"
"02.11.2022","38,16","38,51","38,99","38,00","473,42K","-0,91%"
"01.11.2022","38,51","38,61","39,22","38,00","734,65K","0,05%"
"31.10.2022","38,49","37,97","39,28","37,62","1,11M","1,37%"
"28.10.2022","37,97","37,90","38,19","37,50","477,37K","0,13%"
"27.10.2022","37,92","37,70","38,45","37,00","1,03M","0,72%"
"26.10.2022","37,65","38,35","38,75","37,06","1,50M","-0,95%"
"25.10.2022","38,01","38,29","39,00","37,66","2,24M","-0,76%"
"24.10.2022","38,30","35,80","38,45","35,68","3,97M","7,46%"
"21.10.2022","35,64","35,60","35,80","34,65","399,77K","0,51%"
"20.10.2022","35,46","35,02","35,85","35,02","598,15K","1,75%"
"19.10.2022","34,85","35,40","36,06","33,96","1,13M","-2,79%"
"18.10.2022","35,85","35,60","36,31","35,10","1,05M","1,53%"
"17.10.2022","35,31","34,72","35,70","34,30","882,95K","2,59%"
"14.10.2022","34,42","35,10","36,40","34,40","1,65M","-1,80%"
"13.10.2022","35,05","32,35","36,47","32,14","5,07M","8,35%"
"12.10.2022","32,35","32,29","32,85","31,75","513,67K","1,06%"
"11.10.2022","32,01","31,70","32,29","30,42","480,27K","1,04%"
"10.10.2022","31,68","30,30","32,40","28,68","1,16M","2,46%"
"07.10.2022","30,92","31,65","32,29","30,68","687,10K","-4,27%"
"06.10.2022","32,30","32,66","33,60","32,11","773,18K","-0,15%"
"05.10.2022","32,35","33,70","34,02","31,75","1,13M","-4,03%"
"04.10.2022","33,71","32,60","35,20","32,10","1,44M","4,49%"
"03.10.2022","32,26","30,40","32,30","30,13","895,80K","7,82%"
"30.09.2022","29,92","30,03","30,89","29,50","975,57K","-0,30%"
"29.09.2022","30,01","31,96","31,96","29,95","1,15M","-4,12%"
"28.09.2022","31,30","31,50","32,22","31,05","670,01K","0,71%"
"27.09.2022","31,08","31,65","32,77","30,35","847,81K","-2,42%"
"26.09.2022","31,85","35,00","35,00","30,21","1,58M","-9,52%"
"23.09.2022","35,20","37,49","37,49","35,05","791,88K","-5,27%"
"22.09.2022","37,16","36,51","37,49","36,50","643,07K","1,78%"
"21.09.2022","36,51","35,00","37,50","34,08","1,88M","-2,12%"
"20.09.2022","37,30","41,39","41,59","36,00","2,51M","-9,86%"
"19.09.2022","41,38","42,19","42,19","41,23","526,49K","-0,81%"
"16.09.2022","41,72","42,70","42,79","41,61","757,68K","-1,95%"
"15.09.2022","42,55","42,30","43,10","42,00","1,03M","1,31%"
"14.09.2022","42,00","42,75","42,75","41,46","1,34M","-1,18%"
"13.09.2022","42,50","42,13","43,32","42,10","1,85M","1,07%"
"12.09.2022","42,05","41,47","42,86","41,06","2,01M","1,40%"
"09.09.2022","41,47","41,12","41,57","40,71","833,02K","0,80%"
"08.09.2022","41,14","41,00","41,82","40,43","1,09M","-0,65%"
"07.09.2022","41,41","43,51","44,91","40,90","5,72M","-3,59%"
"06.09.2022","42,95","43,33","44,72","40,26","5,70M","0,09%"
"05.09.2022","42,91","42,00","43,00","41,30","1,72M","2,90%"
"02.09.2022","41,70","41,90","42,38","40,97","2,07M","-0,62%"
"01.09.2022","41,96","39,84","42,00","39,41","3,58M","5,43%"
"31.08.2022","39,80","40,50","40,93","39,23","1,38M","-1,73%"
"30.08.2022","40,50","39,40","40,55","39,39","1,69M","3,18%"
"29.08.2022","39,25","39,17","39,49","39,00","496,46K","0,38%"
"26.08.2022","39,10","39,41","39,59","39,00","606,02K","-0,48%"
"25.08.2022","39,29","39,05","39,81","39,05","978,98K","0,61%"
"24.08.2022","39,05","39,40","40,40","39,00","1,30M","-0,89%"
"23.08.2022","39,40","38,49","39,69","38,42","1,58M","3,03%"
"22.08.2022","38,24","37,55","39,20","37,55","1,09M","1,89%"
"19.08.2022","37,53","38,53","38,65","37,50","740,26K","-1,86%"
"18.08.2022","38,24","39,38","39,60","38,01","1,04M","-2,72%"
"17.08.2022","39,31","39,50","39,77","39,00","1,11M","-0,23%"
"16.08.2022","39,40","38,71","39,68","38,01","1,61M","2,66%"
"15.08.2022","38,38","39,16","39,49","37,46","2,28M","-0,34%"
"12.08.2022","38,51","38,44","41,23","38,02","5,32M","1,29%"
"11.08.2022","38,02","36,15","41,48","36,15","8,40M","4,85%"
"10.08.2022","36,26","35,60","37,17","35,30","1,16M","1,80%"
"09.08.2022","35,62","35,19","35,84","34,90","414,67K","1,34%"
"08.08.2022","35,15","34,91","35,69","34,50","406,93K","0,98%"
"05.08.2022","34,81","36,09","36,09","34,62","605,87K","-3,01%"
"04.08.2022","35,89","36,09","36,09","35,75","195,13K","0,53%"
"03.08.2022","35,70","36,04","36,35","35,35","544,36K","-0,70%"
"02.08.2022","35,95","35,78","36,20","35,78","464,16K","-0,36%"
"01.08.2022","36,08","36,04","36,20","35,71","526,99K","0,61%"
"29.07.2022","35,86","35,79","36,17","35,26","555,11K","0,39%"
"28.07.2022","35,72","35,99","36,50","34,90","747,42K","-0,58%"
"27.07.2022","35,93","36,10","37,46","35,40","1,22M","-0,11%"
"26.07.2022","35,97","35,41","36,00","35,41","778,99K","1,18%"
"25.07.2022","35,55","35,66","36,18","35,40","659,90K","-0,31%"
"22.07.2022","35,66","35,74","36,68","35,35","1,40M","1,68%"
"21.07.2022","35,07","35,47","35,76","34,00","698,69K","-1,10%"
"20.07.2022","35,46","35,29","36,50","35,03","1,14M","0,45%"
"19.07.2022","35,30","35,64","35,73","35,04","283,17K","-0,95%"
"18.07.2022","35,64","35,25","35,74","34,50","436,89K","1,42%"
"15.07.2022","35,14","35,45","36,50","34,72","1,12M","-0,31%"
"14.07.2022","35,25","36,62","37,02","34,71","835,24K","-3,69%"
"13.07.2022","36,60","38,00","38,15","36,04","573,31K","-3,30%"
"12.07.2022","37,85","38,16","38,20","37,00","561,43K","-0,13%"
"11.07.2022","37,90","39,80","39,80","37,90","708,15K","-3,56%"
"08.07.2022","39,30","39,32","39,46","39,05","281,73K","0,00%"
"07.07.2022","39,30","39,75","40,32","39,20","483,43K","-1,01%"
"06.07.2022","39,70","40,59","41,29","39,00","537,57K","-1,00%"
"05.07.2022","40,10","40,99","41,00","40,05","413,11K","-0,96%"
"04.07.2022","40,49","41,80","43,20","40,00","926,20K","-3,82%"
"01.07.2022","42,10","39,20","43,00","37,92","902,10K","8,56%"
"30.06.2022","38,78","40,36","41,15","38,06","780,33K","-3,89%"
"29.06.2022","40,35","41,91","42,17","40,00","571,14K","-3,47%"
"28.06.2022","41,80","43,10","43,10","41,01","1,39M","-3,17%"
"27.06.2022","43,17","39,25","44,90","39,11","4,06M","10,47%"
"24.06.2022","39,08","38,00","39,50","38,00","844,69K","3,11%"
"23.06.2022","37,90","38,28","38,30","37,62","414,94K","1,09%"
"22.06.2022","37,49","38,00","38,00","36,88","426,66K","-1,47%"
"21.06.2022","38,05","39,64","39,89","37,87","805,83K","-3,67%"
"20.06.2022","39,50","37,50","39,88","37,46","789,02K","5,87%"
"17.06.2022","37,31","37,50","37,62","37,16","249,22K","0,24%"
"16.06.2022","37,22","36,80","37,30","36,72","355,23K","1,31%"
"15.06.2022","36,74","36,78","36,78","35,53","379,02K","0,80%"
"14.06.2022","36,45","37,32","37,32","36,27","469,66K","-1,49%"
"10.06.2022","37,00","37,69","37,83","36,80","514,77K","-1,83%"
"09.06.2022","37,69","37,99","38,01","37,25","274,94K","0,13%"
"08.06.2022","37,64","37,64","38,25","37,55","240,28K","-0,13%"
"07.06.2022","37,69","38,00","38,00","37,24","315,81K","-0,26%"
"06.06.2022","37,79","38,45","38,45","37,41","278,35K","-0,66%"
"03.06.2022","38,04","38,67","38,85","37,73","324,60K","-1,63%"
"02.06.2022","38,67","39,10","39,39","38,55","184,32K","-1,10%"
"01.06.2022","39,10","39,00","39,65","38,00","309,22K","0,26%"
"31.05.2022","39,00","39,49","39,77","38,77","327,48K","-0,79%"
"30.05.2022","39,31","40,00","40,48","39,00","663,42K","-2,87%"
"27.05.2022","40,47","40,95","41,22","39,65","720,62K","-1,17%"
"26.05.2022","40,95","41,50","42,18","40,05","544,47K","0,66%"
"25.05.2022","40,68","40,84","41,34","39,91","304,53K","0,67%"
"24.05.2022","40,41","41,49","41,49","39,75","517,13K","-1,92%"
"23.05.2022","41,20","43,23","44,18","41,00","505,22K","-4,70%"
"20.05.2022","43,23","43,75","46,16","42,81","713,51K","-1,19%"
"19.05.2022","43,75","42,99","44,29","42,01","772,26K","4,12%"
"18.05.2022","42,02","42,00","42,75","40,60","507,54K","0,05%"
"17.05.2022","42,00","41,00","43,00","40,20","654,13K","2,46%"
"16.05.2022","40,99","40,35","41,50","40,15","444,97K","1,49%"
"13.05.2022","40,39","40,73","40,73","40,00","350,98K","-0,20%"
"12.05.2022","40,47","41,63","41,63","40,02","351,91K","-2,01%"
"11.05.2022","41,30","41,40","41,73","41,00","607,41K","0,05%"
"06.05.2022","41,28","42,64","42,71","40,84","936,26K","-3,35%"
"05.05.2022","42,71","44,03","44,10","42,00","582,64K","-2,49%"
"04.05.2022","43,80","44,75","44,75","43,00","304,25K","-2,12%"
"29.04.2022","44,75","44,50","44,99","44,10","213,32K","0,56%"
"28.04.2022","44,50","45,00","46,70","44,07","607,41K","-0,45%"
"27.04.2022","44,70","43,60","46,00","43,00","625,40K","2,62%"
"26.04.2022","43,56","42,31","44,37","41,70","564,03K","2,95%"
"25.04.2022","42,31","44,23","44,24","41,65","466,08K","-4,34%"
"22.04.2022","44,23","45,10","45,53","43,81","484,50K","-1,97%"
"21.04.2022","45,12","45,20","46,24","45,10","288,20K","-0,18%"
"20.04.2022","45,20","46,90","46,90","45,03","749,54K","-2,42%"
"19.04.2022","46,32","49,12","49,49","43,95","1,02M","-5,20%"
"18.04.2022","48,86","48,92","49,50","48,00","559,81K","0,43%"
"15.04.2022","48,65","50,00","50,43","48,03","622,01K","-2,74%"
"14.04.2022","50,02","51,73","52,20","50,00","933,41K","-3,10%"
"13.04.2022","51,62","53,29","53,29","50,97","442,78K","-0,81%"
"12.04.2022","52,04","52,34","53,30","50,05","766,15K","0,06%"
"11.04.2022","52,01","51,03","58,00","51,03","2,53M","1,92%"
"08.04.2022","51,03","51,95","52,55","50,46","565,73K","-1,77%"
"07.04.2022","51,95","52,90","53,49","51,29","598,52K","-1,57%"
"06.04.2022","52,78","50,40","53,66","50,40","892,96K","-2,26%"
"05.04.2022","54,00","54,02","57,00","51,61","1,74M","-5,84%"
"04.04.2022","57,35","58,57","59,74","53,65","4,89M","-2,08%"
"01.04.2022","58,57","54,00","66,60","53,93","3,77M","10,70%"
"31.03.2022","52,91","44,97","53,95","43,31","3,07M","22,51%"
"30.03.2022","43,19","40,01","45,50","39,92","810,31K","9,07%"
"29.03.2022","39,60","38,54","41,00","38,00","876,56K","3,29%"
"28.03.2022","38,34","44,90","45,35","36,38","1,29M","-15,49%"
"25.02.2022","45,37","39,91","47,91","39,32","1,31M","15,42%"